post_id,post_url,author_name,author_id,text_content,likes,love,haha,wow,sad,angry,care,comments,shares,media_urls,publish_time
1446366714205247,https://facebook.com/1446366714205247,"ABS-CBN News",100064957951102,"President Donald Trump said on Wednesday (March 11) that Washington was in ""very good shape"" in its war on Iran and the U.S. was ""going to look very strongly at the straits.""  The war has rattled global markets. Raising the stakes for the global economy, Iran's Islamic Revolutionary Guard Corps has said it would block oil shipments from the Gulf unless the U.S. and Israeli attacks cease. ""We're just riding free range over that country, and now we're going to look very strongly at the straits. The straits are in great shape,"" Trump told reporters on Wednesday. In comments to CBS News earlier this week about the Strait of Hormuz, Trump said he was ""thinking about taking it over."" (Production: Eva Weininger)",409,14,86,1,0,8,5,88,18,https://scontent.fdoh12-1.fna.fbcdn.net/v/t15.5256-10/650053908_1464150048711481_515307127214242472_n.jpg?stp=dst-jpg_s960x960_tt6&_nc_cat=110&ccb=1-7&_nc_sid=be8305&_nc_ohc=yzL2DHqb_sEQ7kNvwHHkfdX&_nc_oc=AdkDKHkz77_6VGp5FUUo4JTdqnKySzjA0f-M-vdqne7MFR85GY210TJc9DxAGSadNbI&_nc_zt=23&_nc_ht=scontent.fdoh12-1.fna&_nc_gid=3uEa5Rk6TON_QUMI4Fv_Ug&_nc_ss=8&oh=00_AfwVWFdg-JyQ0FgN7EGN_GWmiEKbTkLud3fHF6Ilal8aXA&oe=69B86003,"2026-03-12 07:10:59"
1446372840871301,https://facebook.com/1446372840871301,"ABS-CBN News",100064957951102,"Iran warned it could wage a prolonged war with the United States and Israel that would ""destroy"" the world economy, even as US President Donald Trump vowed to ""finish the job"", saying there was little left for American forces to strike. | via ANC 24/7   Read the full story in the link in the comments section.",3335,64,124,21,1351,34,31,637,306,https://scontent.fdoh12-1.fna.fbcdn.net/v/t39.30808-6/650064870_1446343350874250_3028424891365032000_n.jpg?_nc_cat=102&ccb=1-7&_nc_sid=13d280&_nc_ohc=hWr5qN_FIzYQ7kNvwEs7NPq&_nc_oc=AdlkMeVcZcX-oEnaR3QOZEiktO9BvwLzpNzUICk_lAGfR07RKWwviHMHsNCAaOX-2hw&_nc_zt=23&_nc_ht=scontent.fdoh12-1.fna&_nc_gid=3uEa5Rk6TON_QUMI4Fv_Ug&_nc_ss=8&oh=00_Afyz15T4SE9tqkItvQKNN9eV3omI5CjCB9ZUei3cVp-mtA&oe=69B859CE,"2026-03-12 03:20:05"
1286996130206225,https://facebook.com/1286996130206225,WION,100066875501057,"Fact Check | Israel's 'huge mistake' amid Iran war: Did Tel Aviv attack North Korea's embassy in Tehran? Here’s the truth",270,0,55,2,0,1,1,79,22,https://external.fdoh6-1.fna.fbcdn.net/emg1/v/t13/11891182546329643028?url=https%3A%2F%2Fcdn1.wionews.com%2Fprod%2Fwion%2Fimages%2F2026%2F20260312%2Fimage-1773303401317.png%3Fimwidth%3D1200%26imheight%3D900&fb_obo=1&utld=wionews.com&stp=c0.5000x0.5000f_dst-jpg_flffffff_p1000x522_q75_tt6&_nc_gid=3uEa5Rk6TON_QUMI4Fv_Ug&_nc_oc=Adk2ZmoQZAoQUtDSCUYEoV0WKOh7KmybFdfmZUlHhAS_dc-YNkDNyCpOBlo--5TTFBU&ccb=13-1&oh=06_Q3-9ATAVIFuNb5bPP_rHy6EKS0nuWoJaSschjwttWeTiEYfq&oe=69B473B3&_nc_sid=f9da5c,"2026-03-12 08:25:12"
1442188194619500,https://facebook.com/1442188194619500,"GMA News",100064849986224,"ICYMI: Japan plans to release around 80 million barrels from its private and national oil reserves, the Ministry of Economy, Trade and Industry said on Wednesday, to help calm global oil markets and prevent supply shortages caused by the Iran war.",1699,785,6,40,0,0,124,109,90,https://scontent.fdoh12-1.fna.fbcdn.net/v/t39.30808-6/650105655_1441623934675926_1582705768052985079_n.jpg?_nc_cat=103&ccb=1-7&_nc_sid=13d280&_nc_ohc=2Ol30V6dkncQ7kNvwE4Dqed&_nc_oc=AdkMHwSWKVty63PkgI-aYSyQtNcgK0p9yAjDXHzhbGDjd5-yVt3MFPco30K_rG7JHqg&_nc_zt=23&_nc_ht=scontent.fdoh12-1.fna&_nc_gid=3uEa5Rk6TON_QUMI4Fv_Ug&_nc_ss=8&oh=00_Afw-Q51fjYb6lLpi6b2_r6M34hHDsXsY0g1SaOp_6hS6YA&oe=69B85DF2,"2026-03-11 17:40:14"
1441623961342590,https://facebook.com/1441623961342590,"GMA News",100064849986224,,0,0,0,0,0,0,0,0,0,,
940204705176001,https://facebook.com/940204705176001,"About That Street",100075594410723,"TRUMP IS ENDING THE US-IRAN WAR!  March 10, 2026, 10:43 A.M. PST   There are unverified fast spreading lies in form of rumors that Israeli Prime Minister Benjamin Netanyahu and Mossad Chief David Barnea were reportedly killed by Iranian ballistic missiles during a meeting over the weekend in Tel Aviv.  The Israeli government has not confirmed or denied widespread reports of their deaths.  President Donald Trump has lost interest in the US-Iran war.  Today, Trump threw Jared Kushner, Steve Witkoff, Pete Hegseth, and Marco Rubio under the bus by blaming them for his ill-advised decision to go to war.  Gas prices in the U.S. have skyrocketed since the war started two weeks ago. Gas is up to $8 per gallon in the Southern California market.  The American economy is collapsing under the weight of Trump's war, arbitrary tariffs, massive layoffs in the public and private sectors, negative job growth, and America's unserviceable $40 trillion national debt.  At this juncture, there will be no regime change in Iran, which is why Trump claims he went to war.  There will be no surrender by Iran, which he demanded last week.  Trump also rejected war-hawk Condoleeza Rice’s advice last week to ""take care"" of Iran ""for good"" by rendering them incapable of military action against the U.S. and its allies.  The US-Iran war is basically over, and America lost.  Trump has tasked Russian President Vladimir Putin with : (a) persuading the Iranians to stop their devastating missile and drone attacks on Israel, (b) securing the release of captured American Delta Force soldiers, and (c) arranging the return of Delta Force soldiers who were killed in Iran.  Thus far, Iran has not agreed to end the war. They want retribution for the 165 school children who were burned alive during a U.S. missile attack on their school last week.  Trump has not ruled out handing over the American commander who approved this missile strike for a trial in Iran.  The American servicemen who died in Trump's US-Iran war apparently died in vain.",220,0,27,2,0,1,0,70,17,https://scontent.fdoh12-1.fna.fbcdn.net/v/t39.30808-6/650948725_940204221842716_8826579597895969042_n.jpg?stp=dst-jpg_s1080x2048_tt6&_nc_cat=104&ccb=1-7&_nc_sid=13d280&_nc_ohc=143BTI2GWm8Q7kNvwHqOB3a&_nc_oc=Adm-I875vXmyh576AwKbSyV4RYkjZ4S_BOMzKoRz2GSDB2-q7VqqbJ2D4tDFz6hFSUA&_nc_zt=23&_nc_ht=scontent.fdoh12-1.fna&_nc_gid=3uEa5Rk6TON_QUMI4Fv_Ug&_nc_ss=8&oh=00_AfyaAeDEbhZ2_hJ5pY90eAGHv-xpnMxAvf0WewuOnxZjSw&oe=69B84C84,"2026-03-12 09:23:25"
1384021350438882,https://facebook.com/1384021350438882,"Al Jazeera English",100064930892385,"Iran war live: Oil tankers hit in Iraq, Tehran sets 3 conditions for peace",5976,83,523,18,78,7,25,496,154,https://scontent.fdoh12-1.fna.fbcdn.net/v/t39.30808-6/651170375_1384021337105550_7673726970455245181_n.jpg?_nc_cat=107&ccb=1-7&_nc_sid=13d280&_nc_ohc=oqW0v44g-bMQ7kNvwE3GSip&_nc_oc=AdmeyZHY9-7By3EhNz7jgQtR2MTnHYhXcTs7rgJJrYmuPrrh8cRbkV0vMh1_8-IhH5k&_nc_zt=23&_nc_ht=scontent.fdoh12-1.fna&_nc_gid=3uEa5Rk6TON_QUMI4Fv_Ug&_nc_ss=8&oh=00_AfxU6jfjneCCQT0bta7aEI8QFFAx-BY8YuG33L5F9uFGCw&oe=69B87097,"2026-03-12 01:00:02"
1366908485473765,https://facebook.com/1366908485473765,"Daily Trust",100064638796212,"Iran said Wednesday it was ready for a long war of attrition that would “destroy” the world economy, after firing on two commercial ships and threatening any vessels from the US or its allies.  Click the link for more: https://dailytrust.com/were-ready-for-long-war-that-will-destroy-world-economy-iran/",7825,156,474,63,41,13,24,2040,543,https://scontent.fdoh12-1.fna.fbcdn.net/v/t51.82787-15/650034591_18570470383050298_4152618977378891764_n.jpg?_nc_cat=110&ccb=1-7&_nc_sid=13d280&_nc_ohc=0rRBZoseRLEQ7kNvwF1h2xX&_nc_oc=AdmA_MdXqNYhFYrPaYPvZ-fWoSH2hZN2-VvO7GBO-ybIvtjpKItJPyWGi0xC6q7X9Bo&_nc_zt=23&_nc_ht=scontent.fdoh12-1.fna&_nc_gid=0h1Z8rG2o_moqR6sC4lTYQ&_nc_ss=8&oh=00_Afw7AtJw2vux9cOp0oeXtkFhgx5tu10cXFQ_yGrDEwa97A&oe=69B8587C,"2026-03-12 05:08:57"
1422242229947035,https://facebook.com/1422242229947035,"TIMES NOW",100064838136629,"Iran has said it is ready to end the war with the US and Israel only if three key conditions are met: recognition of Iran’s legitimate rights, payment of reparations for damage caused by attacks, and firm guarantees that such aggression will not happen again. Iranian officials said any mediation or ceasefire must include a complete halt to strikes and assurances against future attacks, rejecting a temporary truce without these commitments.  #TNWorldWatch",1077,37,146,2,1,2,2,283,69,https://scontent.fdoh12-1.fna.fbcdn.net/v/t39.30808-6/649138042_1422241453280446_7410258732078691388_n.jpg?_nc_cat=106&ccb=1-7&_nc_sid=13d280&_nc_ohc=Xa0380Tz6sMQ7kNvwFYjjWk&_nc_oc=AdkiHDYCpP1AfeSXuX90vYMODddhcJFSB1akp4ZB1K0Z9XNhAoLiosm44JvszjMsMVc&_nc_zt=23&_nc_ht=scontent.fdoh12-1.fna&_nc_gid=0h1Z8rG2o_moqR6sC4lTYQ&_nc_ss=8&oh=00_AfzE-kLbqxVeRRwzyFeFj1zh0DY5tr7hwxBoH6ykzvD07g&oe=69B87E4D,"2026-03-12 04:27:01"
1505657190918078,https://facebook.com/1505657190918078,"Indian Express",100044214347061,"As the war in Middle East enters 13th day, #Iran has spelt out 3 conditions to end the war with #Israel and US.  Taking to X, #Iran’s President Masoud Pezeshkian said he reaffirmed the country’s commitment to peace by talking to #Russia and #Pakistan.   Spelling out the 3 conditions, he said the only way to end the war that has been “ignited by the Zionist regime & US” is:   1) by recognising Iran’s legitimate rights  2) payment of reparations 3) firm international guarantees against future aggression.  The war that broke out after the US and Israel launched joint strikes on Iran on February 28 has so far saw fierce attacks and counter attacks, registering over 1,500 casualties.",660,53,52,2,1,1,2,129,38,https://scontent.fdoh12-1.fna.fbcdn.net/v/t51.82787-15/651048385_18581891944033426_8835677413443219651_n.jpg?_nc_cat=102&ccb=1-7&_nc_sid=13d280&_nc_ohc=X7LUAx0EOwoQ7kNvwHfoUxh&_nc_oc=AdmYnv2kxT07gWP1O_OanXlDKU3MClsIush6x5-TzRzUN2gTQEtfOkhNHT_dRbiTJ-k&_nc_zt=23&_nc_ht=scontent.fdoh12-1.fna&_nc_gid=0h1Z8rG2o_moqR6sC4lTYQ&_nc_ss=8&oh=00_AfzNp7Dw-BPjQc79r4hSG4WOZlUVTpULRwU7GL0m-LA3ag&oe=69B85DAF,"2026-03-12 05:45:40"
1524554089323800,https://facebook.com/1524554089323800,"NTV Kenya",100053076714173,"Iran war cuts fertiliser supplies to Kenya, Tanzania https://zurl.co/vRHEI",1319,2,34,2,6,0,2,296,28,https://scontent.fdoh12-1.fna.fbcdn.net/v/t39.30808-6/651022042_1524554049323804_4920400504275241021_n.jpg?_nc_cat=106&ccb=1-7&_nc_sid=13d280&_nc_ohc=JLcgYeOO3pIQ7kNvwG2HoX4&_nc_oc=AdmGNQbwf0ZPj8ITlIm8RTQy9wco5o7rM2RKkirFObTAMFhKypB8E_bRgj2Gpil7ZaI&_nc_zt=23&_nc_ht=scontent.fdoh12-1.fna&_nc_gid=0h1Z8rG2o_moqR6sC4lTYQ&_nc_ss=8&oh=00_AfxowW85B95WRG6xGTKl604XWQIYu_5hiHXXZi2sQuBTUQ&oe=69B870F2,"2026-03-12 08:00:08"
1450701490056961,https://facebook.com/1450701490056961,"ABC World News Tonight with David Muir",100053513703069,"With the war in Iran in its 12th day, the FBI has alerted authorities in California that Iran aspires to ""conduct a surprise attack"" on the West Coast using drones from an unidentified vessel. Aaron Katersky has details. https://abcnews.link/Z72PosR",7587,70,383,933,323,718,89,2035,2795,https://scontent.fdoh12-1.fna.fbcdn.net/v/t15.5256-10/649373025_2098827484245789_531328560745120679_n.jpg?stp=dst-jpg_s960x960_tt6&_nc_cat=106&ccb=1-7&_nc_sid=be8305&_nc_ohc=C-FCV6XCe2wQ7kNvwFXw-8y&_nc_oc=AdlqWN0IP-IC5n7yy0_ffNlW85q4QfpOop8xAmISa-6xUBqCGkvHKC9JAcD6MDpzoig&_nc_zt=23&_nc_ht=scontent.fdoh12-1.fna&_nc_gid=0h1Z8rG2o_moqR6sC4lTYQ&_nc_ss=8&oh=00_Afzm4wToVQT3C-6AELT0dU4uV-jEpuqrlRGeqeIupS-Wsg&oe=69B85DB7,"2026-03-12 00:43:16"
1301168615203066,https://facebook.com/1301168615203066,"The Wall Street Journal",100059298201442,"President Trump is signaling that he wants to wind down the war against Iran. But stopping the fighting carries big risks, even if Iran lets him.",105,1,41,1,0,4,1,108,13,https://external.fdoh6-1.fna.fbcdn.net/emg1/v/t13/13905393651981749280?url=https%3A%2F%2Fimages.wsj.net%2Fim-81985950%2Fsocial&fb_obo=1&utld=wsj.net&stp=c0.5000x0.5000f_dst-jpg_flffffff_p1000x522_q75_tt6&_nc_gid=0h1Z8rG2o_moqR6sC4lTYQ&_nc_oc=Admvz187107A1e_JJjFR96HfPpcOwOrdDgt6qBElfcx2kZmz8nWwWuePM_ObrWRHQZE&ccb=13-1&oh=06_Q3-9AaoLGPc55F6TrZx9TSjJvdHzE9VMoOhX6pWUXd8kFbgx&oe=69B471B6&_nc_sid=f9da5c,"2026-03-12 08:49:54"
1378368247660688,https://facebook.com/1378368247660688,"Punch Newspapers",100064625772115,"𝗨𝗦 𝘀𝗽𝗲𝗻𝘁 $11𝗯𝗻 𝗼𝗻 𝗜𝗿𝗮𝗻 𝘄𝗮𝗿 𝗶𝗻 𝘀𝗶𝘅 𝗱𝗮𝘆𝘀 – 𝗥𝗲𝗽𝗼𝗿𝘁  A Pentagon briefing reveals the US Iran war cost exceeded $11.3 billion in the first week, with a daily spending rate of nearly $1 billion....   𝗥𝗲𝗮𝗱 𝐟𝐮𝐥𝐥 𝐬𝐭𝐨𝐫𝐲 𝐢𝐧 𝐭𝐡𝐞 𝐜𝐨𝐦𝐦𝐞𝐧𝐭𝐬",476,11,89,14,2,1,0,224,52,https://scontent.fdoh12-1.fna.fbcdn.net/v/t39.30808-6/651708840_1378368227660690_1140827555729286664_n.jpg?_nc_cat=101&ccb=1-7&_nc_sid=13d280&_nc_ohc=hs_ywb5zW4oQ7kNvwFFWZpU&_nc_oc=AdmweRwmwU0Of92TgjUIG1ipkmthrkoTYVJDJoMLr2CXiTqtcp00z1Gx5aXYbn5m4B8&_nc_zt=23&_nc_ht=scontent.fdoh12-1.fna&_nc_gid=0h1Z8rG2o_moqR6sC4lTYQ&_nc_ss=8&oh=00_Afye_J0zG01CPcjES013ZZtf0Ifyb1_EX777_rZYKsrlng&oe=69B8723C,"2026-03-12 09:22:50"
1351611140159096,https://facebook.com/1351611140159096,"ABC News",100059306690876,"New Iranian Supreme Leader Mojtaba Khamenei was injured during the opening U.S.-Israeli strikes at the beginning of the war, Israeli sources told ABC News.   One Israeli source familiar with the matter said that his injuries include a fractured foot, bruising around his left eye and lacerations to his face. A second Israeli source said that Mojtaba was wounded with a leg injury and light facial injuries.  Follow live updates: https://abcnews.visitlink.me/AgCh7d",311,5,19,9,12,7,2,101,53,https://scontent.fdoh12-1.fna.fbcdn.net/v/t15.5256-10/649996557_1831241727587229_3453601100879620349_n.jpg?stp=dst-jpg_s960x960_tt6&_nc_cat=104&ccb=1-7&_nc_sid=be8305&_nc_ohc=pNNQvRjTalcQ7kNvwHUCGFS&_nc_oc=AdnV8DCTxpZmID_8EOcU3zlunLoxi4mjEi08RAl6T3DMXE8mYvwe_RsMo7rLVvWo_ec&_nc_zt=23&_nc_ht=scontent.fdoh12-1.fna&_nc_gid=0h1Z8rG2o_moqR6sC4lTYQ&_nc_ss=8&oh=00_AfwDN6P5qFILH01o5B7yyQA-aXOgziNUPAIJgVunYW5aBA&oe=69B84850,"2026-03-12 05:33:48"
1483137213170864,https://facebook.com/1483137213170864,"It's a Lovely Life by Heather Delaney Reese",100044237989082,"This evening, at 5 p.m. local time in Hebron, Kentucky, and after making the crowd wait for nearly 45 minutes in a sweltering warehouse, the 47th President of the United States gripped the railing with both arms and pulled himself up the steps to the stage. His signature song, God Bless the USA, blared from the speakers as a way to signal that no matter what he was about to say, this man loves his country and the people he was elected to serve. And as he made his way slowly to the podium, he paused every few steps to suck in air, his face slick with sweat. Once at the podium, he stopped to bask in the applause before beginning what would be yet another embarrassing and disturbing rambling appearance as he spoke for the next one hour, seven minutes, and thirty-eight seconds.  During that time, Donald Trump declared that the United States had won the war in Iran. “We won,” he told the cheering crowd. “In the first hour, it was over.” And then, just minutes later, he asked them, “We don’t want to leave early, do we? We’ve got to finish the job.” The war was over and not over in the same speech, delivered from the same podium, to the same crowd, and not a single person behind him flinched.  He admitted, without seeming to realize what he was admitting, that he is the reason Iran has a nuclear program today. “The Iran nuclear deal gave them the right to have a nuclear weapon as of three years ago,” he said. “If I didn’t terminate that deal, they would have had nuclear weapons, and this world would right now be a different place.” He meant it as a boast. But what he actually told us is that the deal was the constraint, and he’s the one who removed it. He pulled out of the agreement that was preventing Iran from going nuclear, and now he’s bombing the consequences of that decision and calling it a victory.  He mocked a man for having dyslexia, telling the crowd that California Governor Gavin Newsom “admitted he has mental problems, that he’s not a smart person, that he is mental and mental lack of ability. He’s unable to read a speech. He can’t read.” He said, “I don’t want the President of the United States to have a cognitive deficiency.” Dyslexia is a learning disability that roughly one in five Americans lives with. Children are diagnosed with it every day. And the man who couldn’t form the phrase “mental lack of ability” into an actual sentence didn’t even have the cognitive ability to see the irony in his words.  And when a woman collapsed on the floor behind him, he paused the rally, called for a doctor, and asked if the people backstage could play Ave Maria by Pavarotti over the loudspeakers while she was being treated. Ave Maria. A song most associated with funerals, with death, with the final moments of a life. His request was denied. It was never played. And when she was finally brought to her feet, she reportedly looked at Trump and said, “You’re the best president there’s ever been. I’m sorry.” She apologized to him. For having a medical emergency at his rally. Later, when the CEO of the host company took the stage, he asked the audience to pray. And I thought for a brief second it was for the woman who had collapsed. But instead, he prayed for Trump. “I’m going to say a quick little prayer for President Trump if I could. May God bless and keep you healthy and safe and may God bless our beloved United States of America, and everything it stands for.”  And then he went right back to attacking people. What followed over the next hour was a window into the mind of a man who has no business leading anything, let alone what was once the free world. He bounced between boasting about the destruction of Iran’s military and treating the war like a game show. He told the crowd he had been angry at his own generals for sinking Iranian warships instead of capturing them for our Navy. “I said, why the hell did we kill them? Why didn’t we just capture them and use them in our Navy?” he recounted. “And one of my generals said, Sir, it’s a lot more fun doing it this way.” The crowd laughed. He moved on. But not before framing their deaths as entertainment.  This is not just inappropriate. It is unbecoming of any leader, in any country, at any point in history. And it’s not just what it says about him. It’s what it teaches everyone watching. We went into this war claiming we were going to liberate the Iranian people. And now we’re laughing about the ones we’ve killed. The majority of those sailors were not masterminds of a regime. They were people stuck under the control of one, following orders the same way soldiers in every military on earth follow orders. Do I think they needed to be neutralized so they couldn’t harm our military? Absolutely. But under the laws of armed conflict, the goal has always been to neutralize the threat and, whenever possible, take combatants as prisoners of war. Not to kill them when capture is an option, and certainly not to laugh about it afterward. Trump himself said it: he asked why they didn’t capture the ships. The answer he got wasn’t that capture was impossible. It was that destruction was more fun. That tells you everything about how this administration wages war. And it raises a question we cannot afford to ignore: how can we expect them to show restraint with our military members’ lives when we treat theirs as a joke? How do we ask Iran not to target our people when we’re not just killing theirs but laughing about it afterwards?  There is a line between doing what’s necessary in war and finding it funny that people died. And when the President of the United States crosses that line, and a crowd cheers him for it, he is pushing his own moral collapse onto an entire country.  Then came the vendetta. Trump spent a long, vicious stretch of the speech attempting to tear apart Rep Thomas Massie, the Republican congressman whose district he had traveled to Kentucky specifically to humiliate. He called Massie “the worst person,” “a loser,” “a nutjob,” “stupid,” and “a disaster for our party.” He accused him of being “disloyal to the Republican Party, disloyal to the people of Kentucky, and most importantly, disloyal to the United States of America.” He said, “There’s something wrong with him.” He mocked his education: “He’s got one thing going. He went to a good college, but I know a lot of stupid people that went to a good college.” He called him “Rand Paul Jr.” and added, “At least I like Rand a little bit.” He told the crowd he wanted “somebody with a warm body” to beat him.  And what was Massie’s crime? He pushed for the release of the Epstein files. He voted against the war in Iran. He voted against Trump’s own spending bill. He voted his conscience on every one of those issues, and for that, the President of the United States flew into his district, stood in front of his constituents, and tried to end his career. Massie wasn’t even there. He said he had prior commitments and posted on social media that Trump’s team was busing people into the district to fill the crowd. “What they’ll discover,” Massie wrote, “is Trump fans in KY-4 and across the entire Commonwealth also support my work on the Epstein files, reigning in spending, ending forever wars, draining the swamp, and food freedom.” That’s the part Trump doesn’t want anyone to hear. That even his own base, in one of the reddest districts in the country, supports the very things Massie is fighting for. That’s why the attacks were so vicious. Because Trump knows his shrinking grip on the country is at great risk of collapsing come November.  In the same speech, Trump invited Jake Paul, a YouTuber and professional boxer who lives in Puerto Rico and cannot even vote in presidential elections, onto the stage, called him “a courageous guy” and “a hell of a fighter,” and then gave him his “complete and total endorsement” for a future run for political office. Paul hasn’t announced a run of any sort. But this off-the-cuff endorsement was based entirely on the fact that Jake Paul had shown up, said nice things, and looked like a character from a reality show. “What Mr. Trump has taught me is courage,” Paul told the crowd, sweating heavily through his suit. “We never back down from a fight, even if they’re much bigger than you.” This is what Trump wants, performative loyalty, no matter how unserious or absurd it is. A seven-term congressman who pushes for the release of the Epstein files gets branded disloyal to America. A YouTube celebrity who flatters him gets anointed as the future of the country. Because competent people see through him, and honest people call him out. So he surrounds himself with clowns and crowns them kings. Because at the end of the day, he doesn’t care if the country burns, as long as he’s still holding the camera.  And this gets to the heart of what today really showed us. This entire administration is a facade. None of them are tough, smart, or know what they’re doing. So they control the image, with absurdity and reality show theatrics, because image is all they have. Not strategy. Not substance. Just the illusion of strength, held together by spectacle. That’s the entire operation now. If it looks good on camera, they’ll do it. If it keeps the audience cheering, they’ll say it. And if it falls apart when the lights go off, they don’t care. Because for them, the image was always the point.  And nowhere was that more clear today than at the Pentagon. According to the Washington Post, Defense Secretary Pete Hegseth’s staff banned press photographers from his last two briefings on the Iran war after complaining that images from a March 2 press conference were “unflattering.” Photographers from the AP, Reuters, and Getty Images had been in the room, as they have been at Pentagon briefings for decades. But after the photos were published globally, Hegseth’s team shut them out. No explanation was given. News organizations are now told to use government-provided images instead. The National Press Photographers Association called it “stunning” that “one of the nation’s highest officials is more concerned with his personal vanity than with complete and accurate reporting of briefings during a war in which Americans have lost their lives.” The New York Times has filed a lawsuit to restore access. They are banning cameras during a war because the Secretary of Defense didn’t like how he looked. That is what this administration is. If reality doesn’t flatter them, they try to erase reality.  But no matter how much they try, it won’t work. Maybe for their core “believers,” but for the rest of us, and the world, we see it. Today, the United Nations Committee on the Elimination of Racial Discrimination issued a formal warning that derogatory language and immigration crackdowns by U.S. leaders are fueling human rights violations. The panel cited at least eight migrant deaths during enforcement operations or in detention, a surge in detainees from 40,000 to nearly 73,000 this year, and urged Washington to suspend enforcement operations near sensitive sites and conduct a full rights-based review of every law adopted since January 2025. It won’t stop Trump. Nothing from the UN will. But the record is being kept. The world is watching. And when the time comes for accountability, and it will come, there will be no one left who can claim they didn’t know.  I had this very conversation with my youngest daughter today, about how the rest of the world sees how horrible things have gotten in the U.S., even if so many Americans still pretend not to. But then the conversation went deeper. We talked about how we balance trying to live the fullest life we can while still acknowledging and resisting the atrocities happening around us. She asked me how I don’t let it all completely weigh me down.  I told her the truth. That some days I don’t know how I carry it. But that I believe, even on the hardest days, that it will be okay. I told her that sometimes you don’t need all the answers. That sometimes, hope is enough to carry you through the moment. That hope is what tells you the next step is possible, even when you can’t see the path. And I told her that the people on the right side of history, the ones who care, who act, who speak up, are the 70%. And the ones who will be written about in the books as more loyal to one man than to their country or their Constitution, they’re the 30%.  I told her that in her life, she’s going to see times like this. The worst people will be in charge. The worst people will make decisions that cause real harm to people she loves, and to people she will never meet. And her job, every single time, is to call it out when she sees it happen. And to keep the faith that better days are always on their way. Because the good guys always win. Sometimes it just takes a very long time. And maybe I told her all of that not just for her to hear, but as a reminder for me as well.  I look at that rally today, and I see the people in the background, cheering and nodding along, and I wonder how they don’t see what the rest of us so clearly see. How dangerous this man is. How deranged. How he has quite literally set the world on fire. There was no widespread war in the Middle East twelve days ago. There was an elementary school full of children still alive in Iran. I went to get gas today and paid over six dollars a gallon for the first time in my life. Just a week or two ago, it was in the high four-dollar range. That jump didn’t need to happen. He calls it a “brief disruption.” And maybe it is if you are in the Epstein billionaire class, but for everyday Americans, that could be the difference between your rent being paid or not.  But here is what gives me hope tonight, and it is real. The reporters have been pushing back. Not the networks or the executives. Not the money people still clinging to access and afraid of losing it. The reporters on the ground and in the press pool. The ones standing on the South Lawn and flying on Air Force One. Over the past few days, they’ve been asking real questions, pressing for real answers, refusing to let him slide. They’ve been disrespected. PBS White House correspondent Liz Landers was even called “rotten” earlier today on the South Lawn of the White House before Trump left for Kentucky.  She asked why the FBI seized election records in Arizona. Trump said, “Probably thought the election was rigged, right?” Landers replied, “It wasn’t rigged, though.” Trump shot back, “Really? How do you know?” She cited his own former Attorney General, who said there was no measurable voter fraud. And Trump’s response: “I think it was rigged, and if you say it wasn’t rigged, you’re a rotten reporter.”  The press doesn’t have an easy task. They have to walk the line between keeping the Trump Regime happy and delivering factual reporting. The past couple of days, they seem to have found their footing, and they deserve our appreciation for pushing back.  And our resistance continues to work, too. The SAVE Act appears to be stalled right now, with Trump unable to find the votes needed to advance it. We need to keep the pressure up and continue to have our voices heard in opposition to it.  When I watch the president, clearly decompensating in front of the world, I’ve started to shift my reaction. It’s no longer just shock or embarrassment. I see it for what it is. He is on a sinking ship. And that is exactly why they keep parading him around like this. If they were confident they were going to hold power after the midterms, he’d be sitting comfortably in a chair somewhere inside the White House, watching television. But instead, they’ve propped him up in a desperate show of strength that only reveals how far this administration continues to fall.  I’ll see you tomorrow,  Heather",4195,130,16,32,52,38,71,303,981,,"2026-03-12 06:54:44"
1306250431367605,https://facebook.com/1306250431367605,CNN,100059479812265,"President Donald Trump was touring a pharmaceutical company in Ohio Wednesday — trying again to turn attention to his domestic achievements — when talk again returned to the restive Middle East. Was the conflagration a war, a reporter asked, or merely an “excursion,” as the president had just described it.  “Well, it’s both,” he explained. ",339,0,90,4,7,67,1,241,24,https://external.fdoh6-1.fna.fbcdn.net/emg1/v/t13/9643492128856003465?url=http%3A%2F%2Fs3.us-east-1.amazonaws.com%2Fphotos.sproutsocial.com%2F2026-03-12%2F2494c83c-4f2d-4d6c-b9c8-efb22b1b3fe6%2Faa6ec448-5f11-441b-bf56-b81aa7b892e8&fb_obo=1&utld=amazonaws.com&stp=c0.5000x0.5000f_dst-jpg_flffffff_p800x417_q75_tt6&_nc_gid=9L_T9ZSjNST476bzeAHFgg&_nc_oc=Admya85Yh0TM7ER-jn6YzXnR-3oKHMAxGjbBkLWkA4OgoH_ZnHjKWijOc9z_uRKOzf0&ccb=13-1&oh=06_Q3-9AXEjSlAoOFTn825hu3QNUknxyzaD2acCIZ6YBmtMqkCK&oe=69B465CF&_nc_sid=f9da5c,"2026-03-12 03:02:02"
1466357528415708,https://facebook.com/1466357528415708,"FOX31 KDVR.com",100051244241699,"Pentagon officials told lawmakers during a briefing on Tuesday that the approximate cost of war against Iran is more than $11.3 billion in the first six days of action, a source briefed on the figu…",63,0,6,4,1,34,0,155,2,https://external.fdoh6-1.fna.fbcdn.net/emg1/v/t13/9183433626202462543?url=https%3A%2F%2Fkdvr.com%2Fwp-content%2Fuploads%2Fsites%2F11%2F2026%2F03%2FWars-IsraelIran_DefenseTeam_AP_OhadZwigenberg.jpg%3Fw%3D1280&fb_obo=1&utld=kdvr.com&stp=c0.5000x0.5000f_dst-jpg_flffffff_p1000x522_q75_tt6&_nc_gid=9L_T9ZSjNST476bzeAHFgg&_nc_oc=AdlEH6HuBBR7aljIrsu-YWO6WAdsb7SdXcJ_WQhwpfCWF30f9LRTafGIeNEfDZJ4P24&ccb=13-1&oh=06_Q3-9AfqmlOdq5PDMlLEpzodRwt3F82pLrwWxUtLX0OA0_O5G&oe=69B469A4&_nc_sid=f9da5c,"2026-03-12 02:57:08"
1250506473947401,https://facebook.com/1250506473947401,"The Hindu",100069641816229,"A U.S. military investigation has found that a Tomahawk missile mistakenly struck a girls’ school in Minab in southern Iran during the opening hours of the Israel–Iran war, reportedly due to outdated targeting data. A leading U.S. newspaper said preliminary findings suggest the United States was responsible for the February 28 strike.  https://trib.al/dgfkCrF",123,0,2,1,25,30,0,20,14,https://scontent.fdoh12-1.fna.fbcdn.net/v/t15.5256-10/649915610_1369131461637310_1017658079199192783_n.jpg?stp=dst-jpg_s960x960_tt6&_nc_cat=107&ccb=1-7&_nc_sid=50ce42&_nc_ohc=qJByvQDXReYQ7kNvwGfIrA3&_nc_oc=Adm1uGJUDyP4M0WTHk_H9BZIGFwWGxyepkUCuMqnw3aGU7n6jJaqozl4YfZQWljIAtE&_nc_zt=23&_nc_ht=scontent.fdoh12-1.fna&_nc_gid=9L_T9ZSjNST476bzeAHFgg&_nc_ss=8&oh=00_Afw28DZye9P-TjopDkJIuN6S-Rdz_EP2H76ukq1WJM93Cg&oe=69B87339,"2026-03-12 06:59:27"
1296293415687831,https://facebook.com/1296293415687831,HuffPost,100059215554772,"""Starting wars is much easier than ending one,"" Jeremy Bowen said. https://www.huffingtonpost.co.uk/entry/bbc-expert-says-donald-trump-is-making-it-as-he-goes-along-as-iran-war-goes-on_uk_69b1291de4b03f73621e44c3?ref=bffbhuffpost&ncid_tag=fcbklnkushpmg00000063&utm_medium=Social&utm_source=Facebook&utm_campaign=us_main",77,1,4,1,2,12,0,56,9,https://scontent.fdoh12-1.fna.fbcdn.net/v/t39.30808-6/650383265_1296293392354500_2272470774741823822_n.jpg?_nc_cat=102&ccb=1-7&_nc_sid=13d280&_nc_ohc=S19dk7M0YtcQ7kNvwGSgcos&_nc_oc=Admge_8QKEcpyHV8DSx0Pf-H1CZe8BcaKLX2xV4qTNkMMABwmphes-OOD-b2aDLdxzI&_nc_zt=23&_nc_ht=scontent.fdoh12-1.fna&_nc_gid=9L_T9ZSjNST476bzeAHFgg&_nc_ss=8&oh=00_AfwiguCub3NmZI0RSEwlUQ7bt35AYKoAXcwDiJwexG7jMQ&oe=69B848FC,"2026-03-12 09:30:11"
1344315594503738,https://facebook.com/1344315594503738,ABC7,100067759316841,"Pentagon officials told a group of senators in a closed-door briefing that the war in Iran cost at least $11.3 billion in its first six days.",549,4,58,28,5,309,3,525,63,https://external.fdoh6-1.fna.fbcdn.net/emg1/v/t13/1485902035723580852?url=https%3A%2F%2Fimage.trueanthem.com%2FvM_Fs4uFTUkl-alWxQgchi__xRcqn50RMfDufhVMW_o%2Fwidth%3A1200%2Fheight%3A0%2Fmb%3A8000000%2FaHR0cHM6Ly9jZG4uYWJjb3R2cy5jb20vZGlwL2ltYWdlcy8xODcwNDQyNV8wMzExMjYtY2MtZ2V0dHktdXMtYm9tYmVyLW11bml0aW9ucy1pbWcuanBnP3c9MTYwMA.jpg&fb_obo=1&utld=trueanthem.com&stp=c0.5000x0.5000f_dst-jpg_flffffff_p1000x522_q75_tt6&_nc_gid=9L_T9ZSjNST476bzeAHFgg&_nc_oc=AdmYClUq5AueaIHTtL07eLG-MCAtz71bM9qtiuUMQ5ZWr9H7ehgTlA-5sN9AW_urm1s&ccb=13-1&oh=06_Q3-9AVuhKFpzNrCgu0gNKug1Vt4tv8SH_pSjPH1L58E5TP5u&oe=69B4695A&_nc_sid=f9da5c,"2026-03-12 02:30:12"
1362188809270835,https://facebook.com/1362188809270835,CNA,100064391875569,"Iran's military has warned that oil prices could hit US$200 per barrel if the war in the Middle East continues to escalate.  In a statement on Wednesday (Mar 11), a military spokesperson said any vessel passing through the Strait of Hormuz carrying cargo or oil destined for the US, Israel or their partners would be considered a legitimate target.",1370,28,165,37,30,24,6,350,285,https://scontent.fdoh12-1.fna.fbcdn.net/v/t15.5256-10/648100137_1497883125107027_332045719524683890_n.jpg?stp=dst-jpg_s960x960_tt6&_nc_cat=111&ccb=1-7&_nc_sid=be8305&_nc_ohc=PmAH9tnuZV0Q7kNvwGnkZYo&_nc_oc=Adke9pearsQ-YxFDu0YjyvnQiHDcbNm9f8Py_gU6XOsrFmt35fQmK3gweCEpeiw0cTg&_nc_zt=23&_nc_ht=scontent.fdoh12-1.fna&_nc_gid=9L_T9ZSjNST476bzeAHFgg&_nc_ss=8&oh=00_AfwPUM2JhEq65P0sKJvhi4bNnMlpJtIbAFFHqquptN68jQ&oe=69B84ECB,"2026-03-12 04:31:53"
1490460399792621,https://facebook.com/1490460399792621,"The Other 98%",100064860241186,"So the FBI just put out a warning that Iran ""aspired"" to launch a drone attack on California, and almost immediately, counterterrorism experts noted what Rolling Stone has already reported: Iranian drones are generally not capable of reaching the U.S. mainland, since California sits over 12,000 miles from Iran, well beyond the range of most Iranian drone models. And yet here we are, with law enforcement agencies across the state on elevated alert over a threat the FBI itself admitted contains zero specifics on timing, method, or targets. No credible threat, no specific target, just vibes and a bulletin.  What makes this even harder to swallow is the target. California is arguably trump's single biggest political nemesis, a deep blue state that has sued his administration dozens of times and whose governor, Gavin Newsom, has become the de facto face of Democratic opposition. If Iran wanted to rattle Americans into rallying behind a president they broadly support, picking the one state that openly despises him seems like a spectacularly bad strategy. Iran hawks the world over could not have chosen a worse psychological target for generating domestic sympathy toward the trump administration.  And here is the thing that should make everyone a little uncomfortable: FBI director Kash Patel recently gutted the exact counterterrorism unit that tracked Iranian threats, firing agents who had investigated trump for retaining classified documents. Now, weeks later, a vague, uncorroborated Iranian threat surfaces against the most anti-trump state in the country. No evidence, no credibility rating, just enough noise to keep Americans scared and distracted enough not to ask too many questions about how this idiotic war started in the first place.",20351,135,1629,700,398,5422,124,5262,6351,https://scontent.fdoh12-1.fna.fbcdn.net/v/t39.30808-6/649192254_1490404809798180_4482444620989907439_n.jpg?_nc_cat=109&ccb=1-7&_nc_sid=13d280&_nc_ohc=Nqp-3G5qK3AQ7kNvwGf_xWD&_nc_oc=AdndlX3lcVsZNgw2tx7LGL5tHuxfYIWUAlq7-lpVRMBx-VM3SLSt9PEsU6dzSbDRepo&_nc_zt=23&_nc_ht=scontent.fdoh12-1.fna&_nc_gid=9L_T9ZSjNST476bzeAHFgg&_nc_ss=8&oh=00_AfwfptBBEdNdUfFAnnItW4Go3aub-DGMxlFAhknHWtQktw&oe=69B8584F,"2026-03-12 00:00:28"
1335491101776064,https://facebook.com/1335491101776064,"CBS News",100059455603099,"President Trump ordered the release of 172 million barrels of oil from the United States' Strategic Petroleum Reserve on Wednesday, after oil prices rocketed to their highest levels in years amid the U.S.'s war with Iran.  The releases will start next week and take about 120 days, Energy Secretary Christopher Wright said Wednesday in a statement.",803,18,331,31,9,141,1,836,81,https://external.fdoh6-1.fna.fbcdn.net/emg1/v/t13/13757451217405076956?url=https%3A%2F%2Fassets3.cbsnewsstatic.com%2Fhub%2Fi%2Fr%2F2012%2F08%2F17%2F3950aa9e-a645-11e2-a3f0-029118418759%2Fthumbnail%2F1200x630%2Ffac0f2bd2071d8a99b541b6301575e0f%2FStrategic-Petroleum-Reserve.jpg&fb_obo=1&utld=cbsnewsstatic.com&stp=c0.5000x0.5000f_dst-jpg_flffffff_p640x334_q75_tt6&_nc_gid=_cx-SgBVbDGR8Niwmiw_pA&_nc_oc=Admjsm8lSCUI8arYgQDinz0X7n5eUFzQ8yJb0Xp3dg4qFW5Gdr9exxFLnR7JO42GkFI&ccb=13-1&oh=06_Q3-9AYoVs4PbIf-qoPs1Bylga6hU0NeZzQLQ6AqJR-bRXQ32&oe=69B474C4&_nc_sid=f9da5c,"2026-03-12 00:10:08"
976409851577512,https://facebook.com/976409851577512,"British & Commonwealth Forces",100076255182685,"When the last Royal Navy vessels left the Gulf of Persia just prior to the Iran War.. 300 Royal Naval personnel was left behind manning a stone frigate HMS Jufair in Bahrain.  This facility is located adjacent to the US 5th Fleet Headquarters and facilities which were hit on the first day of the Iran War.    The Royal Naval Facility in Bahrain, known as the United Kingdom Naval Support Facility (UKNSF), is located at Mina Salman Port and serves as a base for the Royal Navy's operations in the Gulf, Red Sea, and Indian Ocean. It was officially opened in April 2018 and supports various military activities and personnel in the region.  Initially, the quayside at UKNSF was only accessible to the small mine countermeasures vessels assigned to the base, with larger ships having to be moored at other piers within the Mina Salman port area. In June 2020, a refurbishment of the quay meant that larger vessels, including Type 23 frigates and Type 45 destroyers would be able to utilise the mooring facilities within the UK base itself. The shallow draft of the port continued to preclude very large vessels, such as the Royal Navy's Queen Elizabeth-class aircraft carriers, to be able to use the facility itself.  After just under 8 years of use, it appears to be serving little purpose.  What is the point of a naval facility without ships?!",309,5,7,5,6,2,3,84,13,https://scontent.fdoh12-1.fna.fbcdn.net/v/t39.30808-6/649604009_976409608244203_4690143786141940338_n.jpg?_nc_cat=102&ccb=1-7&_nc_sid=13d280&_nc_ohc=TF-qwVCBpD4Q7kNvwEecBWF&_nc_oc=AdkV6sBhp-VNOnXSpiVMtQS_D3-5DQNT_bPxlow8z6-jvpIO-d3wDwKHGonOdJtXyXY&_nc_zt=23&_nc_ht=scontent.fdoh12-1.fna&_nc_gid=_cx-SgBVbDGR8Niwmiw_pA&_nc_ss=8&oh=00_AfzVNRVWvQjTxT9yxbQEgMzUVCAKi9xBzojKweIVaYqSGQ&oe=69B87A6F,"2026-03-12 06:13:05"
1416945743799520,https://facebook.com/1416945743799520,CNBC-TV18,100064523236902,"The Liberia-flagged tanker Shenlong has entered Indian waters near Mumbai Port. Captained by an Indian, it was loaded with crude oil from Saudi Arabia's Ras Tanura port. It has become the first India-bound tanker to complete the passage through the Strait of Hormuz since the US-Iran war began.  #Iran #Israel #SaudiArabia #Tanker #CNBCTV18Digital",52,0,0,0,0,0,0,6,16,https://scontent.fdoh12-1.fna.fbcdn.net/v/t15.5256-10/649074386_2119852635528810_3452409099151472884_n.jpg?stp=dst-jpg_s960x960_tt6&_nc_cat=105&ccb=1-7&_nc_sid=be8305&_nc_ohc=hjuwZ2Rj5bkQ7kNvwE7uDed&_nc_oc=Adld66tBOPDPkvhlSDG28J12ms3FD0Y3aePZYBkiScAzqE_5RXfsPBN0bNx9xIhqiXo&_nc_zt=23&_nc_ht=scontent.fdoh12-1.fna&_nc_gid=_cx-SgBVbDGR8Niwmiw_pA&_nc_ss=8&oh=00_Afw2E2QzoLzNWlc3BgZ3fFkB1CIHW-hBMFqhj17TJOJ-gg&oe=69B84B13,"2026-03-12 09:06:14"
853709671024444,https://facebook.com/853709671024444,Newspoint18,100091562565760,"Israel Iran war latest breaking news #trump #viral #newspoint18",630,5,4,0,0,0,1,14,80,https://scontent.fdoh12-1.fna.fbcdn.net/v/t15.5256-10/650278963_1430687391890844_6587547957537491615_n.jpg?_nc_cat=108&ccb=1-7&_nc_sid=be8305&_nc_ohc=xly2pY1stW0Q7kNvwGWI1og&_nc_oc=Adne_3YYQXWTI4AG1SwmoSpCbCaKwlnZPVbsiN1KMb3EuZ457X82mUieGEczVBal78w&_nc_zt=23&_nc_ht=scontent.fdoh12-1.fna&_nc_gid=_cx-SgBVbDGR8Niwmiw_pA&_nc_ss=8&oh=00_AfyLU0d3Q5cz4GKGecvlk41K0bsnV3gQC56VRjB-Y_4LFA&oe=69B8730D,"2026-03-12 06:56:13"
1491152506350963,https://facebook.com/1491152506350963,"Tilapia Da Cartoonist",100063686824366,"US-Isreal/ Iran war fuel supply assurance!",125,7,16,0,0,0,0,8,1,https://scontent.fdoh12-1.fna.fbcdn.net/v/t39.30808-6/650924848_1491149033017977_5057542615029263565_n.jpg?_nc_cat=100&ccb=1-7&_nc_sid=13d280&_nc_ohc=cAhrA7jY6P8Q7kNvwGyFs3F&_nc_oc=Adkx_-JmPRwNpbAvVw5N1ZM21XMn7tzdKr-W5KbXHmtUsMAG-fYnfmQJ4QIuV1p7I4c&_nc_zt=23&_nc_ht=scontent.fdoh12-1.fna&_nc_gid=_cx-SgBVbDGR8Niwmiw_pA&_nc_ss=8&oh=00_AfzYbzNSAowxmF5ylmMCGi7p5mVGohSSNb_ToFfJVI1hKA&oe=69B850B9,"2026-03-12 09:32:26"
1226154543046181,https://facebook.com/1226154543046181,"MintPress News",100069549401390,"The Iranian Armed Forces Deny Attacking Oil Storage Tankers In Oman  Following Tehran’s denial of involvement, calling the incident “suspicious”, Muscat issued a strong statement against the US-Israeli aggression against Iran.  Oman warned that the war not only targets Iran, but other regional actors, urging its neighbours to “reconsider” security agreements with the US. It also explicitly rejected normalisation with Israel. #iran #oman #israel #falseflag @mintpress   MintPress is providing LIVE coverage on the US-Israeli war on Iran on X and on our Telegram channel by the hour... Make sure to follow ✍🏽",505,44,17,18,1,4,4,51,129,https://scontent.fdoh12-1.fna.fbcdn.net/v/t51.71878-10/650766595_926557593197987_6693315972541081642_n.jpg?stp=dst-jpg_s960x960_tt6&_nc_cat=103&ccb=1-7&_nc_sid=50ce42&_nc_ohc=WUn65RUN-n4Q7kNvwHbNih5&_nc_oc=AdkcR68afNqH4mFdblY9SS5A0yUgBeSpt_IM-5k9oBdy-w8ZCiNVxvmu_S5wjCbNJDI&_nc_zt=23&_nc_ht=scontent.fdoh12-1.fna&_nc_gid=_cx-SgBVbDGR8Niwmiw_pA&_nc_ss=8&oh=00_Afys4WzdYvouI1VEKRrMhqQJKTrurvkXDA0o6-ziPIGBCg&oe=69B8566D,"2026-03-12 05:09:44"
1384462687048981,https://facebook.com/1384462687048981,"Guardian Australia",100064557885216,"Iran set ablaze two tankers in Iraqi waters early on Thursday as it stepped up attacks on oil and transport facilities across the Middle East, warning the world should be ready for oil at $200 a barrel – in defiance of President Donald Trump’s claim that the United States had already won the war.  Follow our live coverage of the US-Israel war on Iran here. 🔗👉 https://www.theguardian.com/world/live/2026/mar/12/iran-war-live-updates-oil-trump-middle-east-crisis-israel-lebanon-iraq-latest-news?CMP=soc_567",62,1,0,7,14,4,1,37,15,https://scontent.fdoh12-1.fna.fbcdn.net/v/t15.5256-10/649672397_4443418772651830_4988080384211758176_n.jpg?stp=dst-jpg_s960x960_tt6&_nc_cat=104&ccb=1-7&_nc_sid=be8305&_nc_ohc=ugr-mF4dEVAQ7kNvwGtkude&_nc_oc=AdlaGLfhYFCy3wRZtV_rnhL-MGaC7F1uOdO3_qepmDWiE2U4k5w5UTwcxO2Go9H1lH8&_nc_zt=23&_nc_ht=scontent.fdoh12-1.fna&_nc_gid=_cx-SgBVbDGR8Niwmiw_pA&_nc_ss=8&oh=00_AfwWl4NCMsIqqj-MlFoXPwqrlGsP36lSfsx5Ud3JD3MRsA&oe=69B865BA,"2026-03-12 05:26:46"
1468034678021408,https://facebook.com/1468034678021408,"Robert Kiyosaki",100044446688992,"IRAN WAR: Iran Declares It's Objective & I've Been Saying This For 8-9 Days Now!  Most people laughed.  They said: ""Robert, Iran is finished. Israel destroyed 80% of their air defenses. It's over.""  I said: Iran is not trying to WIN the war.  Iran is trying to make winning TOO EXPENSIVE.  Those are two completely different games. And most people still don't understand the difference.  Iran is not fighting a military war anymore.  Iran is fighting an ECONOMIC war.  Their target is not a military base. Not a warship. Not even Israel.  (Not literally, they do those targets but I'm talking about the objective here - meaning what will a win look like for Iran)  Their target is the price of oil.  Iran's IRGC has made their objective crystal clear.  $200 per barrel.  That's the number. That's the mission. That's how Iran declares victory — not by shooting down an F-35, but by making the price of oil so painful, so unbearable, so devastating to the global economy, that President Trump starts getting 50 phone calls a day from world leaders begging him to stop.  Think about that strategy for a moment.  Here's how Iran is executing it.  $15,000 Shaheed drones hitting billion-dollar oil infrastructure.  Sea mines in the Strait of Hormuz — the corridor that carries 20% of the world's entire oil supply.  Attacks on pipelines, storage facilities, logistics hubs, refineries.  Not random. Not desperate. Calculated. (Like I said, they've been preparing for a war for decades now)  Every single strike is designed to do one thing: stop oil from moving.  When oil stops moving, the price goes up.  When the price goes up, the whole world screams.  . .  Iran's logic is brutally simple.**  The day oil hits $200 per barrel — Iran wins.  Not because they shot down a plane.  Because at $200 oil, every Arab country is screaming. Every European leader is calling Washington. Every American voter is furious at the pump.  And President Trump — suddenly has a very different calculation to make.  Iran is not trying to survive the war.  Iran is trying to make winning the war WORSE than losing it.  That's their strategy.  I've been saying this for 8-9 days straight.  The missiles are the distraction.  The oil price is the weapon.  Watch the oil price. Not just the missile count.",40106,2905,231,268,384,12,204,3154,9037,,"2026-03-11 12:09:46"
1497940692342196,https://facebook.com/1497940692342196,"Kashmir Crown Live",100063788392364,"US-ISRAEL-IRAN WAR: PM NETANYAHU'S BROTHER IDDO, MOSSAD CHIEF KILLED IN IRANIAN ATTACK?",519,20,40,3,1,2,3,83,21,https://scontent.fdoh12-1.fna.fbcdn.net/v/t39.30808-6/651546248_1497940665675532_5150402060838979890_n.jpg?stp=dst-jpg_s1080x2048_tt6&_nc_cat=108&ccb=1-7&_nc_sid=7b2446&_nc_ohc=KnP-yZdsUJQQ7kNvwG6VeWC&_nc_oc=AdnNRT1Y-V30q_RkStYUbfbErYfBYiSiIKBDFEUgSpjBhgREN1Xcrg6-L6vamOJ7ZEs&_nc_zt=23&_nc_ht=scontent.fdoh12-1.fna&_nc_gid=zv5T5zFlGxXJigFkZhxBVg&_nc_ss=8&oh=00_AfxfnE7L-MsQ6JypNFY0sm2u2F1zkL8IPury-tFDleIrbQ&oe=69B851D7,"2026-03-12 05:04:51"
1499706211825527,https://facebook.com/1499706211825527,"USA TODAY",100053584873398,"The first six days of war in Iran cost U.S. taxpayers at least $11.3 billion in munitions alone, according to Pentagon estimates reviewed by lawmakers, and experts say the ongoing cost could increase exponentially. That total does not include the cost of operating and maintaining the military force engaged in the war or battle damage sustained from Iran’s attacks.  The military used about $5.6 billion in munitions in the first two days of the conflict, according to a person with knowledge of the estimate. The munitions cost was first reported by the Washington Post.  The money spent on munitions, and the added expense of any damage done to U.S. military infrastructure by Iran's retaliatory attacks on U.S. bases, aren't factored into the Pentagon's yearly trillion-dollar budget. Given this deficit, President Donald Trump could ask Congress for more money to fund the war, but no such request has been submitted as yet.  📸: Stringer, via REUTERS",471,11,30,35,17,173,1,512,150,https://scontent.fdoh12-1.fna.fbcdn.net/v/t39.30808-6/650833443_1499706101825538_1898204687834512181_n.jpg?_nc_cat=101&ccb=1-7&_nc_sid=13d280&_nc_ohc=zsg5XnqRvu4Q7kNvwEQSKFZ&_nc_oc=AdnriHSzjww_3cBWTpw_0bwuKPBcXY-x_D2SzSVLHxCxl6XjTgKbt_Fc5GlplzdrM48&_nc_zt=23&_nc_ht=scontent.fdoh12-1.fna&_nc_gid=zv5T5zFlGxXJigFkZhxBVg&_nc_ss=8&oh=00_Afw0xy_qgHXmuhsRiNeBfzL2TBXbklPJ77atRbnipyye9g&oe=69B85E55,"2026-03-12 00:50:10"
1402825491879688,https://facebook.com/1402825491879688,"TRT World",100064567517750,"The FBI warned law enforcement agencies last month of the possibility that Tehran might try to retaliate for any US strikes on Iran by launching surprise drone attacks in California, according to a security bulletin seen by Reuters.  The confidential alert, issued by the FBI through the multi-agency Los Angeles Joint Regional Intelligence Center, surfaced publicly on Wednesday as the war that began on February 28 with massive US and Israeli bombardments of Iran stretched into its 12th day.  Speaking to reporters at the White House before ABC News first broke word of the FBI security bulletin, President Donald Trump shrugged off the notion of Iran-backed attacks on the US homeland. California Governor Gavin Newsom said he was not aware of any “imminent threats” to the state.  An unclassified copy of the security bulletin obtained by Reuters was undated. But the prospective wording of the text makes clear it was issued before the outbreak of hostilities, and that the potential for Iranian revenge attacks on the US homeland was already contemplated.  It cited FBI information that as of early February Iran “allegedly aspired to conduct a surprise attack using unmanned aerial vehicles” launched from a sea vessel against targets in California “in the event that the US conducted strikes against Iran.”  “We have no additional information on the timing, method, target, or perpetrators” of any such attack, the bulletin added. The Federal Bureau of Investigation declined to comment on the bulletin.",9198,178,2799,94,18,28,32,1779,441,https://scontent.fdoh12-1.fna.fbcdn.net/v/t39.30808-6/650936319_1402825455213025_4087076617483229600_n.jpg?_nc_cat=107&ccb=1-7&_nc_sid=13d280&_nc_ohc=zCC1J_QgAvEQ7kNvwFDERMU&_nc_oc=Adm_c6VWAdMGqz0XFi6waicEIIdUwyF1SVghhzMjl_jRHNL-jWS2TvbGc4kY_DD8QXQ&_nc_zt=23&_nc_ht=scontent.fdoh12-1.fna&_nc_gid=zv5T5zFlGxXJigFkZhxBVg&_nc_ss=8&oh=00_Afwt2f831Blg1OylqDEcHF-zR5s7yULx_dCu9OHc7Eh9iQ&oe=69B871C8,"2026-03-12 03:30:02"
1385481470276697,https://facebook.com/1385481470276697,"ANC 24/7",100064445723899,"Iran warned it could wage a prolonged war with the United States and Israel that would ""destroy"" the world economy, even as US President Donald Trump vowed to ""finish the job"", saying there was little left for American forces to strike.  Read the full story in the link in the comments section.",454,10,94,5,48,10,1,180,43,https://scontent.fdoh12-1.fna.fbcdn.net/v/t39.30808-6/650815293_1385467420278102_6306786836429076160_n.jpg?_nc_cat=100&ccb=1-7&_nc_sid=13d280&_nc_ohc=RkzYaw3SPXkQ7kNvwHON-NB&_nc_oc=AdnyArSyk8N92rn-OrQBhvpunI1xhRqiF5l6xdUHClF_u3W1-ID63FKQpM8SaXrVAHI&_nc_zt=23&_nc_ht=scontent.fdoh12-1.fna&_nc_gid=zv5T5zFlGxXJigFkZhxBVg&_nc_ss=8&oh=00_AfyJCqVByyEUzN3k_dzukIpASN24AleCNM5wpvqxBPeUsg&oe=69B87C23,"2026-03-12 03:00:08"
10162998987821731,https://facebook.com/10162998987821731,"Kojo Anan Ankomah",571006730,https://www.facebook.com/share/18AuohgKEy/?mibextid=wwXIfr,76,1,0,1,8,0,1,6,15,,"2026-03-12 04:38:44"
1468570697967806,https://facebook.com/1468570697967806,"Robert Kiyosaki",100044446688992,,0,0,0,0,0,0,0,0,0,,
887120114149201,https://facebook.com/887120114149201,"The Board Show Tv",100085536610292,"NO SURRENDER🇷🇺🇺🇸🇮🇱  USA/ISRAEL VERSUS IRAN WAR UPDATE TODAY💥  KODI DONALD TRUMP AKATI AWINA NKHONDO AKUTANTHAUZA CHN?",27,0,0,1,0,0,0,3,0,https://scontent.fdoh12-1.fna.fbcdn.net/v/t15.5256-10/650785125_2241580399704147_5678071115836284762_n.jpg?_nc_cat=110&ccb=1-7&_nc_sid=50ce42&_nc_ohc=DeeDXvJ2u-0Q7kNvwHY0SgD&_nc_oc=Adk3bD_77W8P7izjayUDiSW1JWZXRsLd3qDi3SSRVlB1o5FvdQtwaSopa26Aaa-ZTMk&_nc_zt=23&_nc_ht=scontent.fdoh12-1.fna&_nc_gid=zv5T5zFlGxXJigFkZhxBVg&_nc_ss=8&oh=00_AfwG0BllQmjdrXLJHY1tjJpSW8zMIQJt4KcBij9G531xRw&oe=69B85FAF,"2026-03-12 09:49:27"
1002278212461505,https://facebook.com/1002278212461505,Republic,100080380057908,"Iran War: Arnab Calls Out Rahul Gandhi For Seeing Opportunity In LPG Crisis  #ArnabGoswami | #iranisraelwar | #LPGCrisis | #RahulGandhi | #RepublicWorld",1811,28,507,3,2,12,3,794,278,https://scontent.fdoh12-1.fna.fbcdn.net/v/t15.5256-10/650781442_26646029018327736_146193974600240351_n.jpg?stp=dst-jpg_s960x960_tt6&_nc_cat=105&ccb=1-7&_nc_sid=50ce42&_nc_ohc=p8My0eKA6YkQ7kNvwELdigs&_nc_oc=AdkC2gVykzG_-lhC-zlL7PZb1gcvvkIxM1jcJ5fSt-L2NqhUOo1bkoMpi8qi1g3FXOw&_nc_zt=23&_nc_ht=scontent.fdoh12-1.fna&_nc_gid=zv5T5zFlGxXJigFkZhxBVg&_nc_ss=8&oh=00_AfwCNVO3ECRkUiU2XqMVj_l1MMXz-fWDtTW6r2okWmo-cQ&oe=69B84F79,"2026-03-12 06:10:29"
1499825968378444,https://facebook.com/1499825968378444,"Pak Ever",100050531647489,"U.S. President Donald Trump has stated that the United States has “won the Iran war.” Do you agree with his statement, or do you believe the situation is more complex and still evolving? Share your thoughts respectfully and keep the discussion constructive.  Disclaimer: This post is intended for discussion, awareness, and informational purposes based on publicly available statements and reports. Its goal is to promote respectful dialogue and informed perspectives. It does not support or encourage violence, conflict, or harm of any kind. Opinions may differ, and facts may change as new information becomes available.  #DonaldTrump #USA #UnitedStates #Iran #MiddleEast #Geopolitics #WorldNews #InternationalRelations #GlobalConflict #PoliticalNews #CurrentAffairs #BreakingNews #GlobalSecurity #DefenseNews #WarAndPeace #Diplomacy #ForeignPolicy #NewsUpdate #GlobalTensions #MilitaryNews #InternationalNews #PoliticalDebate #PublicOpinion #Discussion #NewsDiscussion 🌍",76,0,55,0,2,2,1,58,0,https://scontent.fdoh12-1.fna.fbcdn.net/v/t39.30808-6/650359300_1499825891711785_4774486415212120377_n.jpg?_nc_cat=108&ccb=1-7&_nc_sid=13d280&_nc_ohc=pRbLF0nwRL4Q7kNvwGX09_Q&_nc_oc=Adlr9KGNxXW39bDM4Gs-xSVoBDm4GeZO2pToRkAcBXz8dppzZQJMRcnmgoNLbMfNRAc&_nc_zt=23&_nc_ht=scontent.fdoh12-1.fna&_nc_gid=zv5T5zFlGxXJigFkZhxBVg&_nc_ss=8&oh=00_AfyUFUXs4hwBhxwMa_k5z1QjThgv6xTPYy0EW7cUuWv9ZQ&oe=69B8487D,"2026-03-12 08:13:32"
1375714294600270,https://facebook.com/1375714294600270,"Border Bulletin",100064851366113,"Israel US Vs Iran War Updates . . #movie #𝐏𝐚𝐭𝐡𝐢𝐯𝐚𝐫𝐚 𝐓𝐨𝐮𝐫 𝐏𝐚𝐜𝐤𝐚𝐠𝐞 𝟒𝐍/𝟓𝐃 8597066233 @17000𝐩𝐞𝐫 𝐏𝐞𝐫𝐬𝐨𝐧 𝐁𝐲 𝐉𝐞𝐞𝐩 @12000 𝐩𝐞𝐫 𝐩𝐞𝐫𝐬𝐨𝐧 𝐛𝐲 𝐁𝐮𝐬 𝐃𝐚𝐲 𝟏: 𝐊𝐚𝐭𝐡𝐦𝐚𝐧𝐝𝐮 𝐭𝐨 𝐁𝐢𝐫𝐭𝐚𝐦𝐨𝐝𝐡 * Depart early in the morning from your location via Sindhuli BP Highway. * Have lunch on the way. * Explore the Terai road. * Stay at Birtamodh. * Have dinner at the hotel. 𝐃𝐚𝐲 𝟐: 𝐁𝐢𝐫𝐭𝐚𝐦𝐨𝐝𝐡 𝐭𝐨 𝐓𝐚𝐩𝐥𝐞𝐣𝐮𝐧𝐠 * Have an early morning #hamstercombatcombo #hamstercombatairdrop #hamstercombatcombo #hamstercombatairdrop #hamstercombatdailycombo #hamstercombatdailycipher #hamstercombatdailycombo #hamstercombatdailycipher #hamstercombatcombo #hamstercombatair6drop #hamstercombatcombo #hamstercombatairdrop #hamstercombatdailycombo #hamstercombatdailycipher #hamstercombatdailycombo #hamstercombatdailycipher #hamstercombatcombo #hamstercombatairdrop #hamstercombatcombo #hamstercombatairdrop #hamstercombatdailycombo #hamstercombatdailycipher #hamstercombatcombo #hamstercombatairdrop #hamstercombatdailycombo #hamstercombatdailycipher #hamstercombatdailycombo #hamstercombatdailycipher #hamstercombatcombo #hamstercombatairdrop #hamstercombatcombo #hamstercombatairdrop #hamstercombatdailycombo #hamstercombatdailycipher #hamstercombatcombo #hamstercombatairdrop #hamstercombatdailycombo #hamstercombatdailycipher #hamstercombatcombo #hamstercombatairdrop #hamstercombatdailycombo #hamstercombatdailycipher #hamstercombatcombo #hamstercombatairdrop #hamstercombatdailycombo #hamstercombatdailycipher #hamstercombatcombo #hamstercombatairdrop #hamstercombatdailycombo #hamstercombatdailycipher #hamstercombatdailycombo #hamstercombatdailycipher #hamstercombatcombo #hamstercombatairdrop #hamstercombatdailycombo #hamstercombatdailycipher #hamstercombatcombo #hamstercombatairdrop #hamstercombatdailycombo #hamstercombatdailycipher #hamstercombatcombo #hamstercombatairdrop #hamstercombatdailycombo #hamstercombatdailycipher #hamstercombatcombo #hamstercombatairdrop #hamstercombatcomb",78,1,0,0,0,0,0,1,2,https://scontent.fdoh12-1.fna.fbcdn.net/v/t15.5256-10/649551439_792680873893793_2343677945328618799_n.jpg?stp=dst-jpg_s960x960_tt6&_nc_cat=100&ccb=1-7&_nc_sid=50ce42&_nc_ohc=PUCA-3EtSVsQ7kNvwErpYR9&_nc_oc=Adn91Tm8C4mdzmoNoGakNwU6_3LpHHTdTPY_i32hwB0GCKQDidYxvyXiN7iyunxclzk&_nc_zt=23&_nc_ht=scontent.fdoh12-1.fna&_nc_gid=_oyHxC_JC6PMPX0mhIa2qg&_nc_ss=8&oh=00_AfwIvqycmQo_gvV4ZWhRpY-sMmfr11kO9ukCENOOKLmhTw&oe=69B863AF,"2026-03-12 08:40:53"
1318387546770964,https://facebook.com/1318387546770964,TechFacts,100057991932311,"₹7000 ఒక్క సిలిండర్ 😭 .  🔥 LPG Cylinder Price Hike ALERT! 🔥 Due to the ongoing Iran war, LPG prices have skyrocketed to ₹7000 per cylinder in Telugu states! 💸 But wait… there's a game-changer! 🔥👩‍🍳 Induction cooktops to the rescue! 😱 You won’t believe how much you can save. Time to cook smarter, not harder! 💡 #InflationWho #SaveOnGas #TechSaves #CookingHacks #LPGPriceRise  LPGPriceHike InductionCooktop TeluguStates CookingSmart PriceRiseAlert",61,0,0,0,0,0,0,17,1,https://scontent.fdoh12-1.fna.fbcdn.net/v/t51.71878-10/649964740_1248780943426052_4246059929630545357_n.jpg?stp=dst-jpg_s960x960_tt6&_nc_cat=106&ccb=1-7&_nc_sid=50ce42&_nc_ohc=A2w0V54ajsMQ7kNvwG0uTX7&_nc_oc=Adlt48ZjWbsbrX6tYmOM0jAv3FkQCObYriyynJoXlLhSf9wkN0JPm-ZxKTGijC7FR7Y&_nc_zt=23&_nc_ht=scontent.fdoh12-1.fna&_nc_gid=_oyHxC_JC6PMPX0mhIa2qg&_nc_ss=8&oh=00_AfzToeSek6av9iKJzXLDIhXqaPn9-FfetmUP1BoNw3YXgg&oe=69B869AF,"2026-03-12 09:23:25"
1447513387421259,https://facebook.com/1447513387421259,NEWSMAX,100064878334770,"Iran warned Wednesday it could wage a long war with the U.S. and Israel that would ""destroy"" the world economy, as it effectively closed off transit through the Strait of Hormuz. https://bit.ly/4rBMbry",2131,15,1631,31,16,61,2,1199,87,https://scontent.fdoh12-1.fna.fbcdn.net/v/t39.30808-6/649787761_1447513330754598_6231931321963357228_n.jpg?_nc_cat=105&ccb=1-7&_nc_sid=13d280&_nc_ohc=-wSco_bQC-QQ7kNvwEns4PA&_nc_oc=AdliS0IGAnRschcyDNxvkDi9QDSPbEZuMcTqvcqLuIPId74gkAXtCb10HjJyEySEAv4&_nc_zt=23&_nc_ht=scontent.fdoh12-1.fna&_nc_gid=_oyHxC_JC6PMPX0mhIa2qg&_nc_ss=8&oh=00_AfywNNgD2wFUHMrlAzhIPyYyUi6UY3cP0u7mlMsMtxICuA&oe=69B87DFF,"2026-03-12 00:00:02"
1530398781778791,https://facebook.com/1530398781778791,"Citizen TV Kenya",100044260518058,"How the US-Israel-Iran war might reshape Kenya's economy",380,2,5,0,1,0,1,83,1,https://external.fdoh6-1.fna.fbcdn.net/emg1/v/t13/3964134536160700919?url=https%3A%2F%2Fassets.citizen.digital%2F166011%2Fconversions%2FAFP__20260305__99ZD7VD__v1__HighRes__UsIranEconomyOilMarkets-og_image.webp&fb_obo=1&utld=citizen.digital&stp=c0.5000x0.5000f_dst-jpg_flffffff_p945x493_q75_tt6&_nc_gid=_oyHxC_JC6PMPX0mhIa2qg&_nc_oc=AdkOkJfRmQnC_cd40wwOrrrizji4COUniSYStLeOl8fkY6iKh58ux-koAIIhT8OSRl0&ccb=13-1&oh=06_Q3-9AeunwCFYap50LuvB2ElnDgivowEk92WPchiyROykbSsh&oe=69B4618B&_nc_sid=f9da5c,"2026-03-12 06:01:29"
1584675829686829,https://facebook.com/1584675829686829,"Channels Television",100044332811138,"Trump has given repeated mixed messages about the timing and aims of the war that began on February 28 but has increasingly hinted at ending it soon.  ",228,2,45,0,0,0,0,99,13,https://external.fdoh6-1.fna.fbcdn.net/emg1/v/t13/15726685483857509972?url=https%3A%2F%2Fwww.channelstv.com%2Fwp-content%2Fuploads%2F2026%2F03%2FTrump-1.jpg&fb_obo=1&utld=channelstv.com&stp=c0.5000x0.5000f_dst-jpg_flffffff_p650x339_q75_tt6&_nc_gid=_oyHxC_JC6PMPX0mhIa2qg&_nc_oc=AdnRwX4WGtzRfusUsCBELvWI1GnUz47a0lgt_jrBtlRfp5MzDcy6IFGsm2461tk9M1U&ccb=13-1&oh=06_Q3-9Aco87uWwVwFTFmHfYJbeak-ySYpYNh7LrsS9zx6Yn0lY&oe=69B469FF&_nc_sid=f9da5c,"2026-03-12 05:03:03"
1318531593462634,https://facebook.com/1318531593462634,"The New York Times",100059174186752,"The Pentagon has enacted strict limits that bar access to photographers from news organizations from briefings on Iran war, the latest move by the Defense Department under Secretary Pete Hegseth to restrict press access.",831,2,343,13,13,351,0,362,89,https://external.fdoh6-1.fna.fbcdn.net/emg1/v/t13/12750139856106493797?url=https%3A%2F%2Fstatic01.nyt.com%2Fimages%2F2026%2F03%2F11%2Fmultimedia%2F11biz-pentagon-photographers-kvcw%2F11biz-pentagon-photographers-kvcw-facebookJumbo.jpg&fb_obo=1&utld=nyt.com&stp=c0.5000x0.5000f_dst-jpg_flffffff_p1000x522_q75_tt6&_nc_gid=_oyHxC_JC6PMPX0mhIa2qg&_nc_oc=AdmiRkGwE4DJsWyX4mM33wipIOQ3PAnxXOTUJjv4Iut7ewqcQBAFqcicnu__M4m1kc0&ccb=13-1&oh=06_Q3-9AfeaQac9wyvbxawE26L7z8b5nkGJ5uH9ZJvON34dGZP0&oe=69B480E5&_nc_sid=f9da5c,"2026-03-12 02:05:39"
122117724495140881,https://facebook.com/122117724495140881,"RazaGraphy Army24",61584226436819,"Iran war update 🚨🚀🇮🇷  #BreakingNews #iran #Israel #Trump #NewsUpdate #news",112,0,1,0,0,0,0,0,4,https://scontent.fdoh12-1.fna.fbcdn.net/v/t15.5256-10/649937977_1347311347440339_5543901788263646978_n.jpg?_nc_cat=104&ccb=1-7&_nc_sid=50ce42&_nc_ohc=-ukcBwblZZ4Q7kNvwFohE0S&_nc_oc=Adk6PXRG1TEhll07Cp31loKHWDf-rYX1A7okRDhvi7YDumgsqNylVGqbBQ9IDZhki0g&_nc_zt=23&_nc_ht=scontent.fdoh12-1.fna&_nc_gid=_oyHxC_JC6PMPX0mhIa2qg&_nc_ss=8&oh=00_AfwvdpSaaA9PwZTTDk6DsmwLJFbDAP6EQ2F14lrjk8XhYw&oe=69B85AA5,"2026-03-12 09:25:06"
1373119254843385,https://facebook.com/1373119254843385,"DW News",100064359716848,"EU Commission President Ursula von der Leyen warns the Iran war is already costing Europe billions in higher energy imports — calling any return to Russian fossil fuels a “strategic blunder.” #dwnews",438,3,166,6,1,13,5,171,57,https://scontent.fdoh12-1.fna.fbcdn.net/v/t15.5256-10/649839797_26040065352270787_1216909909297439762_n.jpg?stp=dst-jpg_s960x960_tt6&_nc_cat=108&ccb=1-7&_nc_sid=be8305&_nc_ohc=qLe7KWMyR4UQ7kNvwEX_Akh&_nc_oc=AdkBMuN3LeW4km6CZFfAipffO2iRY6eBVh4Nk0QJNj-kcBesnTUr2eMGrsArfOYKOOw&_nc_zt=23&_nc_ht=scontent.fdoh12-1.fna&_nc_gid=_oyHxC_JC6PMPX0mhIa2qg&_nc_ss=8&oh=00_Afy9R6FLpFm2vk49FPwXqIGkccn_WRmh4DjacMGBKuZ5iw&oe=69B84CFD,"2026-03-12 05:02:42"
1463417665147192,https://facebook.com/1463417665147192,"Hitesh Kumar",100044369171812,"Gas finished in india | Iran war for India #LPGGasCylinder #IranWar",882,2,198,1,0,0,0,66,88,https://scontent.fdoh12-1.fna.fbcdn.net/v/t15.5256-10/651238233_1687295799302960_8789470876529563701_n.jpg?stp=dst-jpg_s960x960_tt6&_nc_cat=110&ccb=1-7&_nc_sid=50ce42&_nc_ohc=1gCSiApfaw8Q7kNvwHkGZh-&_nc_oc=Admigs_Djl2eE0U5ioVjiq6DOEoWEOPLSAb_bw03PF8YOdRBfPhYc2pXMdi9D2-MsyY&_nc_zt=23&_nc_ht=scontent.fdoh12-1.fna&_nc_gid=Efa8QXDWvalQq-1akfj7Zw&_nc_ss=8&oh=00_Afw7zN_l2d4rS3TuZMTXawaUM-QlCGEWsaZncStsZHIC9w&oe=69B84F61,"2026-03-12 07:20:27"
1262485166073084,https://facebook.com/1262485166073084,MeidasTouch,100069348363865,"Trump gives CATASTROPHIC SPEECH on IRAN WAR…in KENTUCKY?!!!  Follow for more!",4129,27,71,94,42,704,8,935,501,https://scontent.fdoh12-1.fna.fbcdn.net/v/t15.5256-10/649375006_2156602975101367_7047411433289054091_n.jpg?stp=dst-jpg_s960x960_tt6&_nc_cat=100&ccb=1-7&_nc_sid=be8305&_nc_ohc=s32YcwH0bHsQ7kNvwG9Ccdy&_nc_oc=AdmtGjny-DfqSXr2iZBvIvVAR_a3qM0ulTUZ2QoMR178ZqyFSK-cL-gDDCdbSbqMaXE&_nc_zt=23&_nc_ht=scontent.fdoh12-1.fna&_nc_gid=Efa8QXDWvalQq-1akfj7Zw&_nc_ss=8&oh=00_Afx7kZASJs3_ILCWdjrIuWxSZbPFjRVHAtu4TrJmxeyf0Q&oe=69B84A09,"2026-03-12 00:07:42"
928952972841972,https://facebook.com/928952972841972,"WLKY News",100071818325443,"The Pentagon told Congress in a closed-door meeting that the Iran War has cost the U.S. $11.3 billion so far, according to sources. Here's the latest. http://www.wlky.com/article/iran-war-cost-11-billion/70717212",120,0,6,4,8,55,0,190,24,https://scontent.fdoh12-1.fna.fbcdn.net/v/t39.30808-6/649531280_928952942841975_7221753223716217539_n.jpg?_nc_cat=100&ccb=1-7&_nc_sid=13d280&_nc_ohc=JMre6tRL3VsQ7kNvwHGSH9I&_nc_oc=AdnsB0yq4qkXED_F2f9znKSCj_uZQPzP_0MRY-H2_jhQO8wd1CO1tA_TGACgY2aDZnY&_nc_zt=23&_nc_ht=scontent.fdoh12-1.fna&_nc_gid=Efa8QXDWvalQq-1akfj7Zw&_nc_ss=8&oh=00_Afxx1Y7UR6HsG-qvxLDkKVVp4IFW2pzcrg-wou-YMNyTmQ&oe=69B87A62,"2026-03-12 01:31:21"
1257064296550258,https://facebook.com/1257064296550258,"Mirror Now",100067400993195,"President of Iran Masoud Pezeshkian said that the war can end only if Iran’s rights are recognised, reparations are paid and firm international guarantees are provided to prevent future aggression.  #USIranWar #IsraelIranWar #MirrorNow",375,17,98,1,0,3,1,130,25,https://scontent.fdoh12-1.fna.fbcdn.net/v/t39.30808-6/650262541_1257054379884583_1654160435228563332_n.jpg?_nc_cat=107&ccb=1-7&_nc_sid=13d280&_nc_ohc=IzKdcNW0gTIQ7kNvwFcg7OD&_nc_oc=Adm8ntX6ZeGMl89KrBIgL6P_59kQP0bUkcvpL3HY5rvx4cvLwdQ1-2_KJtVzNz2VKeg&_nc_zt=23&_nc_ht=scontent.fdoh12-1.fna&_nc_gid=Efa8QXDWvalQq-1akfj7Zw&_nc_ss=8&oh=00_Afz1gWkZcMXO55tjkOtTs_MxAT8pOvSc1MbI9HtHOPubiw&oe=69B84AFE,"2026-03-12 05:45:02"
1447536694085595,https://facebook.com/1447536694085595,NEWSMAX,100064878334770,"Conflict with Iran was effectively unavoidable, as recent U.S. strikes were necessary to prevent a growing missile threat, former NATO Supreme Allied Commander and retired four-star U.S. Army Gen. Wesley Clark said Tuesday.",454,7,42,4,2,3,4,117,33,https://external.fdoh6-1.fna.fbcdn.net/emg1/v/t13/12912996971711717346?url=https%3A%2F%2Fwww.newsmax.com%2FCMSPages%2FGetFile.aspx%3Fguid%3De2416de1-4500-4fbb-87e4-decc2e9d0775%26SiteName%3DNewsmax&fb_obo=1&utld=newsmax.com&stp=c0.5000x0.5000f_dst-jpg_flffffff_p600x313_q75_tt6&_nc_gid=Efa8QXDWvalQq-1akfj7Zw&_nc_oc=AdkZY3XJrpN46RHCUA1VuJ5bWe8t1G93u1LSUA9UUY9Vh8pr6ektWFXYu9GunftrDho&ccb=13-1&oh=06_Q3-9AXiMjjglhPTlYHBc_BHrURd3BFl3MM6-nno3iW9Bs8th&oe=69B4885B&_nc_sid=f9da5c,"2026-03-12 00:30:01"
1318526090129851,https://facebook.com/1318526090129851,"The New York Times",100059174186752,"Just before the war began, the FBI told California officials that Iran might respond with drone attacks on the state. No specific, imminent threats have been identified but local officials said they remained alert to the possibility following the warning.",484,6,83,19,6,8,9,292,53,https://external.fdoh6-1.fna.fbcdn.net/emg1/v/t13/10500202659009293772?url=https%3A%2F%2Fstatic01.nyt.com%2Fimages%2F2026%2F03%2F11%2Fus%2F11israel-iran-california-drone-threat%2F11israel-iran-california-drone-threat-facebookJumbo.jpg&fb_obo=1&utld=nyt.com&stp=c0.5000x0.5000f_dst-jpg_flffffff_p1000x522_q75_tt6&_nc_gid=Efa8QXDWvalQq-1akfj7Zw&_nc_oc=AdlIAxINMm_hiPVGA3sXn-GWeidZjMK5q8_dvXPIdUo9ONq8l6RINAGLhtzK-PD-PYs&ccb=13-1&oh=06_Q3-9AflPRdVP1XZWQIDXFzqvyQ2wbuw7jdx5jDCbM8psdmZf&oe=69B471FF&_nc_sid=f9da5c,"2026-03-12 01:55:05"
1397268929106375,https://facebook.com/1397268929106375,"Rudaw English",100064698428455,"A drone was reportedly intercepted over Sulaimani early Thursday, eyewitnesses told Rudaw, as attacks by Tehran-aligned armed groups on alleged targets in the Kurdistan Region continued on the 13th day of the Iran war.",99,1,1,0,1,0,2,18,0,https://scontent.fdoh12-1.fna.fbcdn.net/v/t15.5256-10/649823736_1579324463135378_1115523085191679894_n.jpg?stp=dst-jpg_s960x960_tt6&_nc_cat=106&ccb=1-7&_nc_sid=be8305&_nc_ohc=zWBXStj3OtUQ7kNvwHoaadF&_nc_oc=AdmTcbNT19q_VSQaaQnsoL7kjkpIluXtim7DBWCHYRRX7ZV6yOIyB31pBjnFb0-RDi8&_nc_zt=23&_nc_ht=scontent.fdoh12-1.fna&_nc_gid=Efa8QXDWvalQq-1akfj7Zw&_nc_ss=8&oh=00_AfxPrdVr3ok38H6ouSKj-_IWGWDHXCC2qNfqqYI4m1bvCA&oe=69B87920,"2026-03-12 05:36:29"
1523635492463973,https://facebook.com/1523635492463973,NTV,100044526095654,"ই'রা'ন-যুক্তরাষ্ট্র যু'দ্ধ থামবে কবে? ট্রাম্পের ঘোষণার পাল্টা বার্তা আইআরজিসির | Iran US War  𝘛𝘩𝘪𝘴 𝘤𝘰𝘯𝘵𝘦𝘯𝘵 𝘪𝘴 𝘴𝘩𝘢𝘳𝘦𝘥 𝘪𝘯 𝘢𝘤𝘤𝘰𝘳𝘥𝘢𝘯𝘤𝘦 𝘸𝘪𝘵𝘩 𝘔𝘦𝘵𝘢 𝘊𝘰𝘮𝘮𝘶𝘯𝘪𝘵𝘺 𝘚𝘵𝘢𝘯𝘥𝘢𝘳𝘥𝘴. 𝘐𝘵 𝘪𝘴 𝘪𝘯𝘵𝘦𝘯𝘥𝘦𝘥 𝘴𝘰𝘭𝘦𝘭𝘺 𝘧𝘰𝘳 𝘫𝘰𝘶𝘳𝘯𝘢𝘭𝘪𝘴𝘵𝘪𝘤 𝘱𝘶𝘳𝘱𝘰𝘴𝘦𝘴 𝘢𝘯𝘥 𝘪𝘴 𝘣𝘢𝘴𝘦𝘥 𝘰𝘯 𝘷𝘦𝘳𝘪𝘧𝘪𝘦𝘥 𝘪𝘯𝘧𝘰𝘳𝘮𝘢𝘵𝘪𝘰𝘯. 𝘞𝘦 𝘥𝘰 𝘯𝘰𝘵 𝘦𝘯𝘥𝘰𝘳𝘴𝘦 𝘰𝘳 𝘱𝘳𝘰𝘮𝘰𝘵𝘦 𝘷𝘪𝘰𝘭𝘦𝘯𝘤𝘦, 𝘱𝘰𝘭𝘪𝘵𝘪𝘤𝘢𝘭 𝘣𝘪𝘢𝘴, 𝘰𝘳 𝘩𝘢𝘳𝘮𝘧𝘶𝘭 𝘣𝘦𝘩𝘢𝘷𝘪𝘰𝘳.",1898,39,11,2,1,2,9,19,34,https://scontent.fdoh12-1.fna.fbcdn.net/v/t15.5256-10/649274224_3814341988702758_2856788798525287216_n.jpg?stp=dst-jpg_s960x960_tt6&_nc_cat=109&ccb=1-7&_nc_sid=be8305&_nc_ohc=qY0myCc_jKMQ7kNvwE5QLRN&_nc_oc=AdmRRquWNUe3LzLWVnjgfwoXuRsdxVvpb6IQBM1OjJnItOuZ-GHwNysoJse6LFIt7Cc&_nc_zt=23&_nc_ht=scontent.fdoh12-1.fna&_nc_gid=Efa8QXDWvalQq-1akfj7Zw&_nc_ss=8&oh=00_Afz6ZawujiPXK4Ww0qug-3OST7jiQQ0HQVOpFm97hTdSjw&oe=69B873A5,"2026-03-12 04:08:34"
4451266371826587,https://facebook.com/4451266371826587,"Sam Ratumaitavuki",100008298040841,"🚨 THE WAR JUST MOVED INTO THE FINANCIAL SYSTEM:  Iran just told everyone in the region to stay 1 kilometer away from US and Israeli banks and financial centers.  This came after the US and Israel struck Iranian banks overnight.  Iran’s response: US and Israeli banks “should wait for our painful response.”  Think about what this means.  – First it was military targets – Then it was leadership – Then oil infrastructure – Then water infrastructure – Now it’s banks and financial institutions  Every week this war crosses a new line.  Iran’s joint military command confirmed banks and financial institutions are now officially on their target list. AP confirmed it.  This is not just about missiles anymore. The IRGC also issued a decree saying “the enemy will no longer have security anywhere in the world, even in their own homes.”  The FBI went on elevated alert across the entire US. DHS warned about cyberattacks on American financial infrastructure.  Iran doesn’t need to physically bomb a bank in New York. A coordinated cyberattack on financial systems would cause chaos.  And Iran has some of the most sophisticated state-backed hackers on the PLANET.  This war started with bombs. It’s now moving into the one place that could hurt the US more than any missile ever could.  The financial system.",943,54,40,100,13,9,5,244,311,,"2026-03-11 10:10:18"
1287055953533576,https://facebook.com/1287055953533576,WION,100066875501057,"Kim Jong Un’s teenage daughter has once again appeared in North Korean state media, this time firing a pistol during a visit to a weapons factory  Here's a look",36,0,0,0,0,0,0,1,2,https://external.fdoh6-1.fna.fbcdn.net/emg1/v/t13/10351122756984043020?url=https%3A%2F%2Fcdn1.wionews.com%2Fprod%2Fwion%2Fimages%2F2026%2F20260312%2Fimage-1773304342035.png%3Fimwidth%3D1200%26imheight%3D900&fb_obo=1&utld=wionews.com&stp=c0.5000x0.5000f_dst-jpg_flffffff_p1000x522_q75_tt6&_nc_gid=849kxooZkXTIQVKydDRBbw&_nc_oc=Adn2nbWu5W8I-WwfmNjU5s0mio2DyWbpp7f3aGIfhNX-YqBnstL5kA9nHIvq4CWfLEI&ccb=13-1&oh=06_Q3-9AXRYQkDU9sbnq_ETIxb4UGryoi4ig-zxEFiDzQyaRina&oe=69B462E9&_nc_sid=f9da5c,"2026-03-12 10:00:05"
1383576477150036,https://facebook.com/1383576477150036,"Al Jazeera English",100064930892385,"War comes with a price tag. The US spent $3.7 billion in the first four days of bombing Iran. Here’s the breakdown of the bill.",34785,424,2799,693,395,348,75,1812,8219,https://scontent.fdoh12-1.fna.fbcdn.net/v/t15.5256-10/649631979_3886078611688078_3928559771777034438_n.jpg?stp=dst-jpg_s960x960_tt6&_nc_cat=104&ccb=1-7&_nc_sid=be8305&_nc_ohc=pdnuSoQK_XQQ7kNvwHtguvO&_nc_oc=AdkWikqhKhRojqZRye6_eamwGgk-0ZxwhEZ7HJv-oJXdQnN3XoFR68o1HkBQM3wnQ4k&_nc_zt=23&_nc_ht=scontent.fdoh12-1.fna&_nc_gid=849kxooZkXTIQVKydDRBbw&_nc_ss=8&oh=00_AfwlhCIkpSzMmFAGbMuZoxj0OFacqe8zwdzWBRvkGjwLuA&oe=69B87A74,"2026-03-11 11:45:05"
1447569867415611,https://facebook.com/1447569867415611,NEWSMAX,100064878334770,"The Pentagon has not permitted photographers to cover War Secretary Pete Hegseth's last two briefings on the war in Iran and hasn't explained the change in policy.",560,50,57,3,0,10,7,248,19,https://external.fdoh6-1.fna.fbcdn.net/emg1/v/t13/7785778120568437436?url=https%3A%2F%2Fwww.newsmax.com%2FCMSPages%2FGetFile.aspx%3Fguid%3D1656f104-52b0-4b31-8c75-473fa559a84a%26SiteName%3DNewsmax&fb_obo=1&utld=newsmax.com&stp=c0.5000x0.5000f_dst-jpg_flffffff_p600x313_q75_tt6&_nc_gid=849kxooZkXTIQVKydDRBbw&_nc_oc=Adn9-hP4CPsTT-O_HeQ4z9sDE15EiWlrjSm_C4dkYr4gLYIBfAbB4hmNSgauSpt1qsM&ccb=13-1&oh=06_Q3-9AXKXUFQQkHFOVgvEOEa7HhInW54ZAycN6vRWrz1VBdNc&oe=69B45CA1&_nc_sid=f9da5c,"2026-03-12 01:15:01"
1372567118234216,https://facebook.com/1372567118234216,"Sky News Australia",100064428234085,"US President Donald Trump has declared the United States is “not finished yet” with Iran as the war continues. Trump said US forces have hit Iran “harder than virtually any country in history” during the ongoing campaign.",113,9,22,0,0,2,0,111,4,https://scontent.fdoh12-1.fna.fbcdn.net/v/t15.5256-10/650809382_1373658231198077_7534400005293594434_n.jpg?stp=dst-jpg_s960x960_tt6&_nc_cat=102&ccb=1-7&_nc_sid=be8305&_nc_ohc=9AG-0e2hfu8Q7kNvwFuwOxP&_nc_oc=Adlo8NvJXg6oJkCBAXldGyympszON4fzYBFMcpbBlTV0WWdW_CkoUYfCi-tcZ0QEcdw&_nc_zt=23&_nc_ht=scontent.fdoh12-1.fna&_nc_gid=849kxooZkXTIQVKydDRBbw&_nc_ss=8&oh=00_AfynM8_DvGGWYiYt7jLHP_ch_yKYHUeOu7rbaEZWhwquBQ&oe=69B87F0B,"2026-03-12 04:37:09"
1482480796807956,https://facebook.com/1482480796807956,"WGN TV",100051381485407,"The figure was relayed to senators during a classified briefing on Capitol Hill, appearing to be the first thorough estimate lawmakers have received since the United States and Israel launched air strikes against Iran on Feb. 28.   More: ( https://wgntv.com/news/israel-iran-conflict/pentagon-estimates-first-6-days-of-iran-war-cost-11-3b/ )",157,1,30,4,3,81,1,256,26,https://scontent.fdoh12-1.fna.fbcdn.net/v/t39.30808-6/650835156_1482480563474646_2340587694123182005_n.jpg?_nc_cat=106&ccb=1-7&_nc_sid=13d280&_nc_ohc=LnAlESAp-U8Q7kNvwG2x3uZ&_nc_oc=AdkRo1GYQNEirXVt4SE_rlQ9FWRJjtp5UtXz6YbZR2o4FVbyG70DElvBLaB1yioPPno&_nc_zt=23&_nc_ht=scontent.fdoh12-1.fna&_nc_gid=849kxooZkXTIQVKydDRBbw&_nc_ss=8&oh=00_Afy8TVig7VsnBYJ8BX8FT8miVycP7eq1dDhCTmshbPu4nQ&oe=69B86CC9,"2026-03-12 01:34:25"
1490385586285502,https://facebook.com/1490385586285502,Reuters,100059422245844,"President Trump said that ""we won"" the Iran war but that the United States will stay in the fight to finish the job.",3545,19,1932,39,27,892,7,1518,192,https://scontent.fdoh12-1.fna.fbcdn.net/v/t15.5256-10/649142988_1995906537623798_3059481221602104597_n.jpg?stp=dst-jpg_s960x960_tt6&_nc_cat=110&ccb=1-7&_nc_sid=be8305&_nc_ohc=vVdNKviSlqAQ7kNvwHXvz1e&_nc_oc=AdnZkxWIyckEOYGdBNAuc5rs3xK4jgjsw47Lxvcc0tiNqTmACba_UCoos6aCAi3CEtY&_nc_zt=23&_nc_ht=scontent.fdoh12-1.fna&_nc_gid=849kxooZkXTIQVKydDRBbw&_nc_ss=8&oh=00_AfyqGXrg-V45IBDLPMvUuI-y8iUkJb3AXqLhLDfrnKKEMw&oe=69B86204,"2026-03-12 01:25:00"
1383562913818059,https://facebook.com/1383562913818059,"Al Jazeera English",100064930892385,"Iran is holding the Strait of Hormuz hostage, driving an energy-starved Europe towards nuclear power. Al Jazeera’s Mohamed Hassan with the latest on day 11 of the war.",17939,334,92,77,118,28,66,529,1386,https://scontent.fdoh12-1.fna.fbcdn.net/v/t15.5256-10/650263826_963385999808049_2838142515174126604_n.jpg?stp=dst-jpg_s960x960_tt6&_nc_cat=106&ccb=1-7&_nc_sid=be8305&_nc_ohc=eQrZz1msncEQ7kNvwEcIZb3&_nc_oc=AdmhQtNFL1RLOUv3AEijzZbnZSQXyllt3GncfKAigvJvNeERdesto0kH48MpxuterGE&_nc_zt=23&_nc_ht=scontent.fdoh12-1.fna&_nc_gid=849kxooZkXTIQVKydDRBbw&_nc_ss=8&oh=00_AfxZM1nTt3trBDR4jqnIS23kcAn0GdnBJPoqgt0KFvkVKA&oe=69B85924,"2026-03-11 11:21:55"
